{"stats":{"minecraft:killed":{"minecraft:skeleton":1,"minecraft:zombie":1,"minecraft:bee":1,"minecraft:chicken":2,"minecraft:cow":1},"minecraft:picked_up":{"minecraft:stick":2,"minecraft:chicken":1,"minecraft:rotten_flesh":1,"minecraft:apple":1,"minecraft:beef":3,"minecraft:oak_log":2,"minecraft:oak_sapling":1,"minecraft:dirt":88},"minecraft:used":{"minecraft:sticky_piston":20,"minecraft:dirt":8,"iceandfire:spawn_egg_ice_dragon":1,"minecraft:end_crystal":33,"minecraft:tnt":19,"minecraft:grass_block":1,"minecraft:slime_block":12,"minecraft:redstone_block":14,"minecraft:stone":18,"minecraft:observer":23,"minecraft:obsidian":30},"minecraft:dropped":{"minecraft:beef":3},"minecraft:mined":{"minecraft:grass":2,"minecraft:grass_block":2},"minecraft:custom":{"minecraft:time_since_rest":19584,"minecraft:crouch_one_cm":935,"minecraft:play_time":19584,"minecraft:sprint_one_cm":36595,"minecraft:walk_one_cm":23989,"minecraft:sneak_time":533,"minecraft:walk_under_water_one_cm":330,"minecraft:mob_kills":8,"minecraft:drop":1,"minecraft:jump":426,"minecraft:damage_dealt":299,"minecraft:leave_game":3,"minecraft:time_since_death":19584,"minecraft:walk_on_water_one_cm":461,"minecraft:total_world_time":19584,"minecraft:swim_one_cm":3190,"minecraft:fly_one_cm":379161,"minecraft:fall_one_cm":418,"minecraft:player_kills":7}},"DataVersion":3465}