{"stats":{"minecraft:picked_up":{"minecraft:stick":1,"minecraft:glass_bottle":3},"minecraft:mined":{"minecraft:tall_grass":1,"regions_unexplored:medium_grass":1},"minecraft:killed":{"minecraft:witch":1},"minecraft:custom":{"minecraft:jump":52,"minecraft:open_chest":1,"minecraft:time_since_rest":3109,"minecraft:damage_dealt":515,"minecraft:damage_taken":190,"minecraft:sprint_one_cm":13660,"minecraft:play_time":3109,"minecraft:walk_on_water_one_cm":1303,"minecraft:time_since_death":3109,"minecraft:walk_one_cm":12031,"minecraft:sneak_time":2,"minecraft:total_world_time":3109,"minecraft:mob_kills":1,"minecraft:fall_one_cm":1878,"minecraft:fly_one_cm":20870,"minecraft:leave_game":1,"minecraft:open_barrel":1}},"DataVersion":3465}