{"stats":{"minecraft:killed":{"minecraft:bee":1,"minecraft:chicken":1,"minecraft:cow":1},"minecraft:mined":{"minecraft:grass":1,"minecraft:grass_block":1},"minecraft:dropped":{"minecraft:beef":3},"minecraft:picked_up":{"minecraft:chicken":1,"minecraft:beef":3,"minecraft:dirt":1},"minecraft:used":{"minecraft:sticky_piston":19,"minecraft:dirt":8,"minecraft:slime_block":12,"minecraft:stone":12,"minecraft:observer":23},"minecraft:custom":{"minecraft:time_since_rest":6099,"minecraft:crouch_one_cm":588,"minecraft:play_time":6099,"minecraft:sprint_one_cm":8404,"minecraft:walk_one_cm":5938,"minecraft:sneak_time":405,"minecraft:walk_under_water_one_cm":239,"minecraft:mob_kills":3,"minecraft:drop":1,"minecraft:jump":107,"minecraft:damage_dealt":240,"minecraft:leave_game":1,"minecraft:time_since_death":6099,"minecraft:walk_on_water_one_cm":77,"minecraft:total_world_time":6099,"minecraft:swim_one_cm":1989,"minecraft:fall_one_cm":418,"minecraft:fly_one_cm":99327}},"DataVersion":3465}