{"stats":{"minecraft:killed":{"minecraft:skeleton":3,"minecraft:zombie":1,"minecraft:bee":1,"minecraft:chicken":2,"minecraft:creeper":1,"minecraft:cow":1},"minecraft:picked_up":{"minecraft:stick":2,"minecraft:chicken":1,"minecraft:stone_brick_slab":1,"minecraft:stone_brick_stairs":1,"minecraft:oak_log":2,"minecraft:spruce_door":1,"minecraft:string":1,"minecraft:dirt":88,"minecraft:arrow":2,"minecraft:bone":3,"minecraft:apple":1,"minecraft:rotten_flesh":1,"minecraft:stone_bricks":2,"minecraft:wheat_seeds":2,"minecraft:beef":3,"minecraft:rabbit":2,"minecraft:oak_sapling":1,"minecraft:coal":2},"minecraft:used":{"minecraft:sticky_piston":20,"iceandfire:spawn_egg_ice_dragon":3,"iceandfire:dragonbone_sword_fire":105,"minecraft:grass_block":1,"minecraft:slime_block":12,"iceandfire:dragonbone_sword_ice":23,"minecraft:stone":18,"minecraft:redstone_block":14,"minecraft:dirt":8,"minecraft:end_crystal":33,"minecraft:tnt":19,"iceandfire:dragonbone_sword_lightning":52,"minecraft:observer":23,"minecraft:obsidian":30},"minecraft:dropped":{"minecraft:beef":3},"minecraft:mined":{"minecraft:grass":2,"minecraft:grass_block":2},"minecraft:custom":{"minecraft:time_since_rest":29430,"minecraft:sprint_one_cm":45582,"minecraft:walk_one_cm":28562,"minecraft:trigger_trapped_chest":2,"minecraft:mob_kills":11,"minecraft:drop":1,"minecraft:damage_dealt":4330,"minecraft:swim_one_cm":3190,"minecraft:player_kills":7,"minecraft:fly_one_cm":1014922,"minecraft:open_chest":4,"minecraft:crouch_one_cm":935,"minecraft:play_time":29430,"minecraft:sneak_time":1296,"minecraft:walk_under_water_one_cm":2857,"minecraft:jump":558,"minecraft:leave_game":4,"minecraft:walk_on_water_one_cm":3782,"minecraft:time_since_death":29430,"minecraft:climb_one_cm":226,"minecraft:total_world_time":29430,"minecraft:fall_one_cm":418}},"DataVersion":3465}