{"stats":{"minecraft:used":{"minecraft:water_bucket":7,"minecraft:poppy":8,"minecraft:chest":1,"minecraft:diamond_axe":8,"travelersbackpack:diamond":1,"simpletomb:grave_key":1,"minecraft:torch":3,"simplyswords:gold_greathammer":2,"minecraft:dirt":6,"twilightforest:ur_ghast_trophy":1,"minecraft:oak_log":46,"minecraft:grass_block":2,"minecraft:lantern":14,"minecraft:blue_orchid":5,"minecraft:glowstone":20,"minecraft:dandelion":3,"travelersbackpack:enderman":2},"minecraft:custom":{"minecraft:leave_game":2,"minecraft:time_since_death":1754,"minecraft:climb_one_cm":1525,"minecraft:time_since_rest":1789,"minecraft:sprint_one_cm":50758,"minecraft:damage_taken":515,"minecraft:walk_one_cm":59196,"minecraft:trigger_trapped_chest":1,"minecraft:drop":9,"minecraft:damage_dealt":442,"minecraft:swim_one_cm":20,"minecraft:fly_one_cm":1095639,"minecraft:deaths":2,"minecraft:open_chest":20,"minecraft:play_time":25546,"minecraft:crouch_one_cm":4667,"minecraft:sneak_time":1566,"minecraft:walk_under_water_one_cm":104,"minecraft:jump":193,"minecraft:walk_on_water_one_cm":3706,"minecraft:total_world_time":25546,"minecraft:fall_one_cm":1951},"minecraft:picked_up":{"minecraft:charcoal":4,"minecraft:mossy_cobblestone_slab":1,"minecraft:splash_potion":2,"minecraft:flower_pot":1,"minecraft:brown_mushroom":16,"minecraft:smoker":1,"minecraft:brown_bed":1,"minecraft:potion":4,"minecraft:oak_log":42,"minecraft:chain":1,"minecraft:brewing_stand":1,"minecraft:cobbled_deepslate_stairs":1,"minecraft:gunpowder":2,"minecraft:cobblestone_stairs":1,"minecraft:dirt":5,"minecraft:oak_trapdoor":2,"minecraft:lantern":4,"minecraft:raw_copper":8,"minecraft:blue_orchid":1,"minecraft:apple":3,"minecraft:wheat_seeds":2,"minecraft:cobbled_deepslate_slab":1,"minecraft:cobblestone_slab":3,"twilightforest:transformation_powder":1,"minecraft:poppy":1,"minecraft:spruce_slab":46,"minecraft:rabbit":1,"minecraft:glowstone_dust":2,"twilightforest:canopy_stairs":2,"minecraft:chest":1,"minecraft:oak_planks":29,"minecraft:spruce_trapdoor":4,"minecraft:phantom_membrane":1,"minecraft:dark_oak_stairs":17,"minecraft:furnace":1,"minecraft:oak_slab":1,"minecraft:stick":1,"minecraft:dark_oak_slab":11,"twilightforest:fiery_blood":1,"regions_unexplored:willow_sapling":1,"minecraft:oak_fence":8,"regions_unexplored:cypress_sapling":5,"minecraft:spruce_stairs":12,"minecraft:spruce_fence":1,"minecraft:gravel":3,"twilightforest:canopy_slab":1,"minecraft:carrot":7,"minecraft:redstone":5,"minecraft:green_carpet":15,"minecraft:dark_oak_log":7,"minecraft:mossy_cobblestone":2,"minecraft:spider_eye":5,"minecraft:barrel":1,"minecraft:cauldron":1,"minecraft:dark_oak_planks":42,"regions_unexplored:cypress_log":16,"twilightforest:ore_map":1,"minecraft:sugar":2,"twilightforest:canopy_planks":2,"minecraft:diamond":1,"twilightforest:maze_map_focus":1,"minecraft:granite":1,"minecraft:mossy_cobblestone_stairs":2,"twilightforest:magic_map_focus":1,"minecraft:oak_sapling":9,"epicsamurai:ruby":2,"minecraft:dark_oak_fence":1,"twilightforest:torchberries":1,"minecraft:coal":2,"minecraft:cobblestone":185},"minecraft:mined":{"minecraft:dark_oak_planks":60,"minecraft:oak_slab":1,"twilightforest:twilight_oak_stairs":1,"minecraft:glass_pane":4,"regions_unexplored:cypress_log":24,"iceandfire:silver_ore":1,"minecraft:mossy_cobblestone":7,"regions_unexplored:willow_leaves":100,"regions_unexplored:cypress_leaves":78,"minecraft:cobbled_deepslate_stairs":1,"minecraft:smoker":1,"minecraft:cobblestone_stairs":7,"minecraft:dark_oak_log":22,"twilightforest:twilight_oak_slab":3,"regions_unexplored:cypress_branch":1,"minecraft:brewing_stand":1,"minecraft:oak_fence":17,"minecraft:spruce_trapdoor":10,"minecraft:granite":65,"minecraft:dark_oak_fence":5,"minecraft:cobbled_deepslate_slab":1,"minecraft:grass_block":28,"minecraft:spruce_fence":2,"minecraft:chest":3,"minecraft:campfire":3,"minecraft:copper_ore":20,"minecraft:cobblestone":35,"minecraft:oak_planks":48,"minecraft:diorite":19,"minecraft:potted_fern":1,"minecraft:spruce_stairs":14,"minecraft:chain":2,"minecraft:mossy_cobblestone_slab":1,"minecraft:trapped_chest":1,"minecraft:oak_trapdoor":2,"minecraft:dark_oak_slab":13,"naturalist:duckweed":4,"minecraft:glowstone":11,"minecraft:furnace":1,"minecraft:mossy_cobblestone_stairs":5,"minecraft:mud":1,"minecraft:barrel":1,"twilightforest:canopy_planks":48,"twilightforest:twilight_oak_leaves":8,"minecraft:brown_bed":1,"minecraft:dark_oak_stairs":32,"minecraft:grass":2,"twilightforest:firefly_jar":1,"minecraft:oak_log":66,"minecraft:coal_ore":24,"minecraft:vine":16,"minecraft:water_cauldron":2,"twilightforest:canopy_slab":22,"minecraft:cobblestone_slab":4,"minecraft:lantern":6,"minecraft:gravel":23,"minecraft:dirt":66,"twilightforest:canopy_stairs":53,"minecraft:cobweb":4,"minecraft:stone":1521,"realmrpg_skeletons:unsaved_skeleton":1,"twilightforest:twilight_oak_fence":3,"minecraft:spruce_slab":49,"minecraft:oak_leaves":256,"minecraft:deepslate":1,"epicsamurai:ruby_ore":4},"minecraft:dropped":{"minecraft:diamond":2,"twilightforest:fiery_blood":1,"twilightforest:ore_map":1,"twilightforest:torchberries":1,"twilightforest:transformation_powder":1,"twilightforest:magic_map_focus":1,"travelersbackpack:enderman":1,"twilightforest:maze_map_focus":1},"minecraft:killed_by":{"minecraft:skeleton":2}},"DataVersion":3465}