{"stats":{"minecraft:mined":{"minecraft:grass":3,"minecraft:grass_block":1,"minecraft:rose_bush":1},"minecraft:picked_up":{"minecraft:birch_log":1,"minecraft:feather":1,"minecraft:rose_bush":1,"minecraft:oak_sapling":1},"minecraft:killed_by":{"minecraft:player":2},"minecraft:custom":{"minecraft:time_since_rest":2807,"minecraft:damage_taken":950,"minecraft:crouch_one_cm":55,"minecraft:sprint_one_cm":33903,"minecraft:play_time":3509,"minecraft:deaths":2,"minecraft:walk_one_cm":5046,"minecraft:sneak_time":9,"minecraft:walk_under_water_one_cm":552,"minecraft:jump":135,"minecraft:leave_game":2,"minecraft:walk_on_water_one_cm":321,"minecraft:time_since_death":2777,"minecraft:total_world_time":3509,"minecraft:swim_one_cm":3458,"minecraft:fall_one_cm":4526,"minecraft:fly_one_cm":32170}},"DataVersion":3465}