{"stats":{"minecraft:picked_up":{"minecraft:egg":1},"minecraft:used":{"minecraft:egg":1},"minecraft:killed_by":{"minecraft:player":5},"minecraft:custom":{"minecraft:jump":21,"minecraft:time_since_rest":308,"minecraft:leave_game":1,"minecraft:crouch_one_cm":1834,"minecraft:deaths":5,"minecraft:sprint_one_cm":12887,"minecraft:play_time":3685,"minecraft:damage_taken":1455,"minecraft:time_since_death":278,"minecraft:walk_one_cm":13983,"minecraft:sneak_time":459,"minecraft:total_world_time":3685,"minecraft:fall_one_cm":2271,"minecraft:fly_one_cm":3654}},"DataVersion":3465}