{
  "minecraft:recipes/food/cake": {
    "criteria": {
      "has_egg": "2024-07-22 04:07:30 +0000"
    },
    "done": true
  },
  "minecraft:recipes/decorations/crafting_table": {
    "criteria": {
      "unlock_right_away": "2024-07-22 04:06:46 +0000"
    },
    "done": true
  },
  "minecraft:adventure/root": {
    "criteria": {
      "killed_by_something": "2024-07-22 04:08:19 +0000"
    },
    "done": true
  },
  "minecraft:adventure/adventuring_time": {
    "criteria": {
      "minecraft:stony_shore": "2024-07-22 04:08:20 +0000",
      "minecraft:forest": "2024-07-22 04:06:47 +0000"
    },
    "done": false
  },
  "DataVersion": 3465
}